0|Adelice|Adelice@gmail.com
1|Agnella|Agnella@gmail.com
2|Alana|Alana@gmail.com
3|Alia|Alia@gmail.com
4|Almire|Almire@gmail.com
5|Amara|Amara@gmail.com
6|Anastassia|Anastassia@gmail.com
7|Angie|Angie@gmail.com
8|Annecorinne|Annecorinne@gmail.com
9|April|April@gmail.com
10|Arlena|Arlena@gmail.com
11|Ashli|Ashli@gmail.com
12|Augustine|Augustine@gmail.com
13|Babb|Babb@gmail.com
14|Baruk|Baruk@gmail.com
15|Bellina|Bellina@gmail.com
16|Berny|Berny@gmail.com
17|Bhagvat|Bhagvat@gmail.com
18|Blinni|Blinni@gmail.com
19|Brandea|Brandea@gmail.com
20|Brita|Brita@gmail.com
21|Burton|Burton@gmail.com
22|Cang|Cang@gmail.com
23|Carlyn|Carlyn@gmail.com
24|Caryn|Caryn@gmail.com
25|Cecco|Cecco@gmail.com
26|Chanh|Chanh@gmail.com
27|Chen-Chen|Chen-Chen@gmail.com
28|Chloris|Chloris@gmail.com
29|Chung-Yo|Chung-Yo@gmail.com
30|Claudina|Claudina@gmail.com
31|Colette|Colette@gmail.com
32|Cordelie|Cordelie@gmail.com
33|Costanza|Costanza@gmail.com
34|Cyndy|Cyndy@gmail.com
35|Danica|Danica@gmail.com
36|Darrel|Darrel@gmail.com
37|Dear|Dear@gmail.com
38|Deloris|Deloris@gmail.com
39|Deva|Deva@gmail.com
40|Dimitra|Dimitra@gmail.com
41|Don|Don@gmail.com
42|Doro|Doro@gmail.com
43|Duke|Duke@gmail.com
44|Easter|Easter@gmail.com
45|Eimile|Eimile@gmail.com
46|Elissa|Elissa@gmail.com
47|Elvert|Elvert@gmail.com
48|Emmey|Emmey@gmail.com
49|Erlene|Erlene@gmail.com
50|Ethelda|Ethelda@gmail.com
51|Ext|Ext@gmail.com
52|Farzad|Farzad@gmail.com
53|Feridoun|Feridoun@gmail.com
54|Florencia|Florencia@gmail.com
55|Frankie|Frankie@gmail.com
56|Gabey|Gabey@gmail.com
57|Gayronza|Gayronza@gmail.com
58|Geralene|Geralene@gmail.com
59|Gilbert|Gilbert@gmail.com
60|Gladys|Gladys@gmail.com
61|Gracinda|Gracinda@gmail.com
62|Gunars|Gunars@gmail.com
63|Hack-Hoo|Hack-Hoo@gmail.com
64|Hari|Hari@gmail.com
65|Hedvige|Hedvige@gmail.com
66|Hera|Hera@gmail.com
67|Hiroko|Hiroko@gmail.com
68|Hrdata|Hrdata@gmail.com
69|Idaline|Idaline@gmail.com
70|Inga|Inga@gmail.com
71|Ismail|Ismail@gmail.com
72|Jackson|Jackson@gmail.com
73|Jane|Jane@gmail.com
74|Jaspreet|Jaspreet@gmail.com
75|Jeannot|Jeannot@gmail.com
76|Jessa|Jessa@gmail.com
77|Joachim|Joachim@gmail.com
78|John|John@gmail.com
79|Jose|Jose@gmail.com
80|Juliana|Juliana@gmail.com
81|Kailey|Kailey@gmail.com
82|Karam|Karam@gmail.com
83|Kasey|Kasey@gmail.com
84|Katrinka|Katrinka@gmail.com
85|Keltouma|Keltouma@gmail.com
86|Ki|Ki@gmail.com
87|Kirsti|Kirsti@gmail.com
88|Korrie|Korrie@gmail.com
89|Kwok|Kwok@gmail.com
90|Lanny|Lanny@gmail.com
91|Lauryn|Lauryn@gmail.com
92|Leilah|Leilah@gmail.com
93|Lester|Lester@gmail.com
94|Liese|Liese@gmail.com
95|Linzie|Linzie@gmail.com
96|Lolita|Lolita@gmail.com
97|Lorrel|Lorrel@gmail.com
98|Lucina|Lucina@gmail.com
99|Lynelle|Lynelle@gmail.com
100|Madlin|Madlin@gmail.com
101|Makary|Makary@gmail.com
102|Manon|Manon@gmail.com
103|Margariet|Margariet@gmail.com
104|Marigold|Marigold@gmail.com
105|Marley|Marley@gmail.com
106|Mary|Mary@gmail.com
107|Matthew|Matthew@gmail.com
108|Meeting|Meeting@gmail.com
109|Melloney|Melloney@gmail.com
110|Mersey|Mersey@gmail.com
111|Miguela|Miguela@gmail.com
112|Minnie|Minnie@gmail.com
113|Mohammed|Mohammed@gmail.com
114|Moyra|Moyra@gmail.com
115|Nadia|Nadia@gmail.com
116|Narida|Narida@gmail.com
117|Neila|Neila@gmail.com
118|Nguyet|Nguyet@gmail.com
119|Nir|Nir@gmail.com
120|Norina|Norina@gmail.com
121|Ole|Ole@gmail.com
122|Orelle|Orelle@gmail.com
123|Pamella|Pamella@gmail.com
124|Patsy|Patsy@gmail.com
125|Pepita|Pepita@gmail.com
126|Phoenix|Phoenix@gmail.com
127|Poulos|Poulos@gmail.com
128|Querida|Querida@gmail.com
129|Raleigh|Raleigh@gmail.com
130|Raquela|Raquela@gmail.com
131|Reid|Reid@gmail.com
132|Rhodia|Rhodia@gmail.com
133|Rivy|Rivy@gmail.com
134|Roel|Roel@gmail.com
135|Rosabelle|Rosabelle@gmail.com
136|Roxi|Roxi@gmail.com
137|Ruthi|Ruthi@gmail.com
138|Salvador|Salvador@gmail.com
139|Sarita|Sarita@gmail.com
140|Selcuk|Selcuk@gmail.com
141|Shailin|Shailin@gmail.com
142|Shashank|Shashank@gmail.com
143|Sheri|Sheri@gmail.com
144|Shona|Shona@gmail.com
145|Sil|Sil@gmail.com
146|Sohayla|Sohayla@gmail.com
147|Stanley|Stanley@gmail.com
148|Stormy|Stormy@gmail.com
149|Susy|Susy@gmail.com
150|Tae|Tae@gmail.com
151|Tarik|Tarik@gmail.com
152|Teodora|Teodora@gmail.com
153|Thanos|Thanos@gmail.com
154|Tiffani|Tiffani@gmail.com
155|Tomi|Tomi@gmail.com
156|Tri|Tri@gmail.com
157|Tyronda|Tyronda@gmail.com
158|Valery|Valery@gmail.com
159|Verile|Verile@gmail.com
160|Vince|Vince@gmail.com
161|Vlad|Vlad@gmail.com
162|Warren|Warren@gmail.com
163|Willabella|Willabella@gmail.com
164|Woody|Woody@gmail.com
165|Yetty|Yetty@gmail.com
166|Yukihiko|Yukihiko@gmail.com
167|Zelda|Zelda@gmail.com
